2.2.4

<workflow-app xmlns = "uri:oozie:workflow:0.2" name = "run Branch sqoop job">
 <start to = "Create_External_Table" />

<!-- insert scoop actions -->
<!--Branch -->
<action name = "sqoop Branch">
	<sqoop xmlns="uri:oozie:sqoop-action:0.2">
            <job-tracker>${jobTracker}
            </job-tracker>
            <name-node> ${nameNode}</name-node>
            <prepare>
                <delete path="${jobOutput}"/>
            </prepare>
            <configuration>
                <property>
                    <name>mapred.compress.map.output</name>
                    <value>true</value>
                </property>
            </configuration>
            <arg>job</arg>
			<arg>--meta-connect</arg>
			<arg>jdbc:hsqldb:hsql://localhost:16000/sqoop</arg>
			<arg>--exec</arg>
			<arg>incremental_time</arg>
			<archive>/Credit_Card_System/java-json.jar#java-json.jar</archive>
           
		</sqoop>
</action>
</start>

<!-- CUSTOMER -->

<action name = "sqoop Customer">
	<sqoop xmlns="uri:oozie:sqoop-action:0.2">
            <job-tracker>${jobTracker}
            </job-tracker>
            <name-node> ${nameNode}</name-node>
            <prepare>
                <delete path="${jobOutput}"/>
            </prepare>
            <configuration>
                <property>
                    <name>mapred.compress.map.output</name>
                    <value>true</value>
                </property>
            </configuration>
            <arg>job</arg>
			<arg>--meta-connect</arg>
			<arg>jdbc:hsqldb:hsql://localhost:16000/sqoop</arg>
			<arg>--exec</arg>
			<arg>incremental_time</arg>
			<archive>/Credit_Card_System/java-json.jar#java-json.jar</archive>
         	
	</sqoop>
</action>
</start>

<!-- CUSTOMER -->

<action name = "sqoop Credit Card">
	<sqoop xmlns="uri:oozie:sqoop-action:0.2">
            <job-tracker>${jobTracker}
            </job-tracker>
            <name-node> ${nameNode}</name-node>
            <prepare>
            
            <delete path="${nameNode}/Credit_Card_System/CreditCard"/>
            
            </prepare>
            <configuration>
                <property>
                    <name>mapred.compress.map.output</name>
                    <value>true</value>
                </property>
            </configuration>
            <arg>job</arg>
			<arg>--meta-connect</arg>
			<arg>jdbc:hsqldb:hsql://localhost:16000/sqoop</arg>
			<arg>--exec</arg>
			<arg>incremental_time</arg>
			<archive>/Credit_Card_System/java-json.jar#java-json.jar</archive>
         	<arg>--delete-target-dir</arg>
            <arg>--target-dir /Credit_Card_System/CreditCard</arg>
            <arg>-m</arg>
            <arg>1</arg>
	</sqoop>
</action>
<action name = "sqoop Time">
	<sqoop xmlns="uri:oozie:sqoop-action:0.2">
            <job-tracker>${jobTracker}
            </job-tracker>
            <name-node> ${nameNode}</name-node>
            <prepare>
            
            <delete path="${nameNode}/Credit_Card_System/CreditCard"/>
            
            </prepare>
            <configuration>
                <property>
                    <name>mapred.compress.map.output</name>
                    <value>true</value>
                </property>
            </configuration>
            <arg>job</arg>
			<arg>--meta-connect</arg>
			<arg>jdbc:hsqldb:hsql://localhost:16000/sqoop</arg>
			<arg>--exec</arg>
			<arg>incremental_time</arg>
			<archive>/Credit_Card_System/java-json.jar#java-json.jar</archive>
         	<arg>--delete-target-dir</arg>
            <arg>--target-dir /Credit_Card_System/TIMEID</arg>
            <arg>-m</arg>
            <arg>1</arg>
	</sqoop>
</action>


</start>


</workflow-app>

