<workflow-app xmlns = "uri:oozie:workflow:0.2" name = "run Branch sqoop job">
 <start to = "Create_External_Table" />

<!-- insert scoop actions -->
<!--Branch -->
<action name = "sqoop Branch">
	<sqoop xmlns="uri:oozie:sqoop-action:0.2">
            <job-tracker>${jobTracker}
            </job-tracker>
            <name-node> ${nameNode}</name-node>
            <prepare>
                <delete path="${jobOutput}"/>
            </prepare>
            <configuration>
                <property>
                    <name>mapred.compress.map.output</name>
                    <value>true</value>
                </property>
            </configuration>
            <arg>import</arg>
            <arg>--connect</arg>
            <arg>jdbc:mysql://localhost/CDW_SAPP</arg>
            <arg>--driver</arg>
            <arg>com.mysql.jdbc.Driver</arg>
            <arg>--query</arg>
            <arg>"select BRANCH_CODE, BRANCH_NAME, BRANCH_STREET, BRANCH_CITY,BRANCH_STATE, IFNULL(BRANCH_ZIP,9999999), CONCAT('(',LEFT(BRANCH_PHONE,3),')',MID(BRANCH_PHONE,4,3),'-',
            	RIGHT(BRANCH_PHONE,4)),LAST_UPDATED from CDW_SAPP_BRANCH Where \$CONDITIONS"</arg>
            <arg>--delete-target-dir</arg>
            <arg>--target-dir /Credit_Card_System/Branch</arg>
            <arg>-m</arg>
            <arg>1</arg>
	</sqoop>
</action>
</start>

<!-- CUSTOMER -->

<action name = "sqoop Customer">
	<sqoop xmlns="uri:oozie:sqoop-action:0.2">
            <job-tracker>${jobTracker}
            </job-tracker>
            <name-node> ${nameNode}</name-node>
            <prepare>
                <delete path="${jobOutput}"/>
            </prepare>
            <configuration>
                <property>
                    <name>mapred.compress.map.output</name>
                    <value>true</value>
                </property>
            </configuration>
            <arg>import</arg>
            <arg>--connect</arg>
            <arg>jdbc:mysql://localhost/CDW_SAPP</arg>
            <arg>--driver</arg>
            <arg>com.mysql.jdbc.Driver</arg>
            <arg>--query</arg>
            <arg>"SELECT SSN, FIRST_NAME,MIDDLE_NAME,LAST_NAME,CREDIT_CARD_NO,CONCAT(STREET_NAME,' ',APT_NO),CUST_CITY,CUST_STATE,CUST_COUNTRY,CUST_ZIP,CUST_PHONE,CUST_EMAIL,LAST_UPDATED FROM CDW_SAPP_CUSTOMER Where \$CONDITIONS" </arg>
         	<arg>--delete-target-dir</arg>   
            <arg>--target-dir /Credit_Card_System/Customer</arg>
            <arg>-m</arg>
            <arg>1</arg>
	</sqoop>
</action>
</start>

<!-- CUSTOMER -->

<action name = "sqoop Credit Card">
	<sqoop xmlns="uri:oozie:sqoop-action:0.2">
            <job-tracker>${jobTracker}
            </job-tracker>
            <name-node> ${nameNode}</name-node>
            <prepare>
            <delete path="${nameNode}/Credit_Card_System/credit_card"/>
            
            </prepare>
            <configuration>
                <property>
                    <name>mapred.compress.map.output</name>
                    <value>true</value>
                </property>
            </configuration>
            <arg>import</arg>
            <arg>--connect</arg>
            <arg>jdbc:mysql://localhost/CDW_SAPP</arg>
            <arg>--driver</arg>
            <arg>com.mysql.jdbc.Driver</arg>
            <arg>--query</arg>
            <arg>select TRANSACTION_ID, CREDIT_CARD_NO, concat(year,LPAD(convert(MONTH, char(2)),2,'0'),LPAD(convert(day, char(2)),2,'0')),CUST_SSN,BRANCH_CODE,TRANSACTION_TYPE,TRANSACTION_VALUE FROM CDW_SAPP_CREDITCARD Where \$CONDITIONS"  </arg>
         	<arg>--target-dir /Credit_Card_System/CreditCard</arg>
            <arg>-m</arg>
            <arg>1</arg>
	</sqoop>
</action>
</start>

<Action name = "sqoop Time">
    <sqoop xmlns="uri:oozie:sqoop-action:0.2">
            <job-tracker>${jobTracker}
            </job-tracker>
            <name-node> ${nameNode}</name-node>
            <prepare>
            <delete path="${nameNode}/Credit_Card_System/credit_card"/>
            
            </prepare>
            <configuration>
                <property>
                    <name>mapred.compress.map.output</name>
                    <value>true</value>
                </property>
            </configuration>
            <arg>import</arg>
            <arg>--connect</arg>
            <arg>jdbc:mysql://localhost/CDW_SAPP</arg>
            <arg>--driver</arg>
            <arg>com.mysql.jdbc.Driver</arg>
            <arg>--query</arg>
            <arg>select SELECT TIMEID,DAY,MONTH,QUARTER,YEAR FROM CDW_SAPP_D_time Where \$CONDITIONS"  </arg>
            <arg>--target-dir /Credit_Card_System/TIME</arg>
            <arg>-m</arg>
            <arg>1</arg>
    </sqoop>
</action>
</start>

</workflow-app>

